unnamed:_0,name,rarity,weapon,element,3d_model,region,release_date,days_since_release,banner_versions,banner_dates,roles,constellation_0_pull,constellation_1_pull,constellation_2_pull,constellation_3_pull,constellation_4_pull,constellation_5_pull,constellation_6_pull,constellation_7_pull,asc_stat_bonus_category,lvl_90_hp,lvl_90_atk,lvl_90_def,duplicate_rate,c6_rate,avg_copies_per_player,num_banners,months_since_release,is_standard_banner,is_archon,pulled_count,character_id,pvp_hp,pvp_atk,pvp_def,pvp_hp_normalized,pvp_atk_normalized,pvp_def_normalized
0,lynette,4,Sword,Anemo,Medium Female,Fontaine,2023-08-16,872,"['4.0', '4.6', '5.6']","['August 16, 2023 – September 5, 2023', 'April 24, 2024 – May 14, 2024', 'May 27, 2025 – June 17, 2025']","Off-Field,DPS",301409,240308,198054,149152,100295,81006,48706,219453,Anemo DMG Bonus,12397,232,712,0.7747961533,0.03639167563,4.440421487,3,28.59016393442623,1,0,1338383,lynette,12397.0,232.0,712.0,0.49460376194881284,0.4980237154150198,0.46187363834422657
1,varesa,5,Catalyst,Electro,Medium Female,Natlan,2025-03-26,284,"['5.5', 'Luna III']","['March 26, 2025 – April 15, 2025', 'December 23, 2025 – January 13, 2026']","On-Field,DPS",69219,11980,6303,1140,575,390,3353,90,CRIT Rate,12699,356,782,0.2561016239,0.03603477738,1.344269637,2,9.311475409836063,0,0,93049,varesa,12699.0,356.0,782.0,0.5411655874190564,0.9881422924901185,0.6143790849673203
2,chongyun,4,Claymore,Cryo,Medium Male,Liyue,2020-09-28,1924,"['1.1', '1.3', '2.0', '2.2', '2.4', '2.7', '3.7', '4.1', '5.4', '5.3']","['December 1, 2020 – December 22, 2020', 'March 2, 2021 – March 16, 2021', 'July 21, 2021 – August 10, 2021', 'October 13, 2021 – November 2, 2021', 'January 5, 2022 – January 25, 2022', 'June 21, 2022 – July 12, 2022', 'May 24, 2023 – June 13, 2023', 'October 17, 2023 – November 7, 2023', 'March 4, 2025 – March 25, 2025', 'January 21, 2025 – February 11, 2025']","Off-Field,DPS,Support",1330794,971436,690870,433896,259920,158592,98847,332967,ATK%,10984,223,648,0.6888721494,0.02310955313,3.214112778,10,63.08196721311475,1,0,4277322,chongyun,10984.0,223.0,648.0,0.27674992291088496,0.4624505928853755,0.3224400871459695
3,tighnari,5,Bow,Dendro,Medium Male,Sumeru,2022-08-24,1229,"['3.0', 'Luna I']","['August 24, 2022 – September 9, 2022', 'September 10, 2025 – September 30, 2025']","On-Field,DPS",681601,30666,3741,588,200,108,959,90,Dendro DMG Bonus,10850,268,630,0.05063284087,0.001335742033,1.053333255,2,40.29508196721312,1,0,717953,tighnari,10850.0,268.0,630.0,0.2560900400863398,0.6403162055335968,0.28322440087145967
4,jean,5,Sword,Anemo,Tall Female,Mondstadt,2020-09-28,1924,['4.5'],"['March 13, 2024 – April 2, 2024']","Off-Field,Survivability",1291930,44118,4584,572,65,36,42,66,Healing Bonus,14695,239,769,0.03688871362,3.13e-05,1.038301611,1,63.08196721311475,1,0,1341413,jean,14695.0,239.0,769.0,0.8489053345667592,0.525691699604743,0.5860566448801743
5,keqing,5,Sword,Electro,Medium Female,Liyue,2020-09-28,1924,"['1.3', '5.3']","['February 17, 2021 – March 2, 2021', 'January 21, 2025 – February 11, 2025']","On-Field,DPS",1292219,45478,4338,600,35,18,21,94,CRIT DMG,13103,323,799,0.03767045501,1.56e-05,1.039145068,2,63.08196721311475,1,0,1342803,keqing,13103.0,323.0,799.0,0.6034535923527597,0.857707509881423,0.6514161220043573
6,gorou,4,Bow,Geo,Medium Male,Inazuma,2021-12-14,1482,"['2.3', '2.7', '3.3', '4.5', '5.4', '5.6']","['December 14, 2021 – January 4, 2022', 'June 21, 2022 – July 12, 2022', 'December 7, 2022 – December 27, 2022', 'March 13, 2024 – April 2, 2024', 'February 12, 2025 – March 4, 2025', 'May 27, 2025 – June 17, 2025']","Off-Field,Support",894282,490098,316980,198172,138520,80040,78701,234371,Geo DMG Bonus,9570,183,648,0.6321589165,0.03237173634,2.718565285,6,48.59016393442623,1,0,2431164,gorou,9570.0,183.0,648.0,0.05874190564292322,0.30434782608695654,0.3224400871459695
7,layla,4,Sword,Cryo,Medium Female,Sumeru,2022-11-18,1143,"['3.2', '3.6', '4.6', '5.6', 'Luna I']","['November 18, 2022 – December 6, 2022', 'April 12, 2023 – May 2, 2023', 'May 14, 2024 – June 4, 2024', 'May 7, 2025 – May 27, 2025', 'September 10, 2025 – September 30, 2025']","Off-Field,Survivability",494825,325494,239469,165384,110025,71928,53599,159226,HP%,11092,217,655,0.6945430415,0.03308682367,3.273783661,5,37.47540983606557,1,0,1619950,layla,11092.0,217.0,655.0,0.2934011717545483,0.43873517786561267,0.33769063180827885
8,iansan,4,Polearm,Electro,Short Female,Natlan,2025-03-26,284,"['5.5', '5.7', 'Luna III']","['March 26, 2025 – April 15, 2025', 'July 8, 2025 – July 29, 2025', 'December 23, 2025 – January 13, 2026']","Off-Field,Support,Survivability",161967,131354,111048,65432,43655,27534,30548,57806,ATK%,10657,257,638,0.7426411353,0.04853950866,3.88562485,3,9.311475409836063,1,0,629343,iansan,10657.0,257.0,638.0,0.2263336416897934,0.5968379446640316,0.3006535947712418
9,gaming,4,Claymore,Pyro,Medium Male,Liyue,2024-01-31,704,"['4.4', '4.7', '5.5', 'Luna III', '5.3']","['January 31, 2024 – February 20, 2024', 'June 25, 2024 – July 16, 2024', 'March 26, 2025 – April 15, 2025', 'December 23, 2025 – January 13, 2026', 'January 21, 2025 – February 11, 2025']","On-Field,DPS",291103,283852,245079,181412,121710,98220,66465,202283,ATK%,11419,302,703,0.8046449857,0.0446037005,5.118885755,5,23.081967213114755,1,0,1490123,gaming,11419.0,302.0,703.0,0.3438174529756398,0.7747035573122529,0.4422657952069717
10,noelle,4,Claymore,Geo,Medium Female,Mondstadt,2020-09-28,1924,"['1.0', '1.2', '1.4', '1.5', '2.3', '2.7', '3.2', '4.0', '4.4', '4.7', '4.5']","['October 20, 2020 – November 10, 2020', 'January 12, 2021 – February 2, 2021', 'March 17, 2021 – April 6, 2021', 'April 28, 2021 – May 18, 2021', 'November 24, 2021 – December 14, 2021', 'May 31, 2022 – June 21, 2022', 'November 2, 2022 – November 18, 2022', 'September 5, 2023 – September 26, 2023', 'January 31, 2024 – February 20, 2024', 'June 25, 2024 – July 16, 2024', 'March 13, 2024 – April 2, 2024']","On-Field,DPS,Survivability",1212158,1015206,791235,532572,347425,228480,152894,581739,DEF%,12071,191,799,0.7506724487,0.031448612,4.010788198,11,63.08196721311475,1,0,4861709,noelle,12071.0,191.0,799.0,0.4443416589577552,0.3359683794466403,0.6514161220043573
11,shikanoin_heizou,4,Catalyst,Anemo,Medium Male,Inazuma,2022-07-13,1271,"['2.8', '3.2', '3.7', '5.2', '5.6']","['July 13, 2022 – August 2, 2022', 'November 18, 2022 – December 6, 2022', 'June 13, 2023 – July 4, 2023', 'December 10, 2024 – December 31, 2024', 'May 27, 2025 – June 17, 2025']","On-Field,DPS",657490,517588,420084,300704,198360,126318,107422,235904,Anemo DMG Bonus,10657,225,684,0.7435556405,0.04189838018,3.899481361,5,41.67213114754098,1,0,2563870,shikanoin_heizou,10657.0,225.0,684.0,0.2263336416897934,0.47035573122529645,0.4008714596949891
12,collei,4,Bow,Dendro,Medium Female,Sumeru,2022-08-24,1229,"['3.0', '3.5', '4.2', '5.1', 'Luna II', 'Luna I']","['August 24, 2022 – September 9, 2022', 'March 1, 2023 – March 21, 2023', 'November 8, 2023 – November 28, 2023', 'October 9, 2024 – October 29, 2024', 'October 22, 2025 – November 11, 2025', 'September 10, 2025 – September 30, 2025']","Off-Field,DPS",560720,478546,403080,297000,212600,156918,114695,574596,ATK%,9787,200,601,0.7996106718,0.04098953846,4.990285704,6,40.29508196721312,1,0,2798153,collei,9787.0,200.0,601.0,0.09219858156028368,0.3715415019762846,0.22004357298474944
13,mona,5,Catalyst,Hydro,Medium Female,Mondstadt,2020-09-28,1924,['4.5'],"['March 13, 2024 – April 2, 2024']","Off-Field,Support",1290521,44410,4455,660,65,18,21,48,Energy Recharge,10409,287,653,0.03706691101,1.57e-05,1.038493756,1,63.08196721311475,1,0,1340198,mona,10409.0,287.0,653.0,0.18809744064138142,0.7154150197628458,0.3333333333333333
14,kujou_sara,4,Bow,Electro,Tall Female,Inazuma,2021-09-01,1586,"['2.1', '2.5', '3.3', '4.3', '5.0', '5.6']","['September 1, 2021 – September 21, 2021', 'March 8, 2022 – March 29, 2022', 'December 27, 2022 – January 17, 2023', 'January 9, 2024 – January 30, 2024', 'September 17, 2024 – October 8, 2024', 'May 27, 2025 – June 17, 2025']","Off-Field,Support",1081658,812620,654357,457800,316750,218760,208936,564124,ATK%,9570,195,628,0.7493263623,0.04842080137,3.989250761,6,52.0,1,0,4315005,kujou_sara,9570.0,195.0,628.0,0.05874190564292322,0.35177865612648224,0.2788671023965142
15,chevreuse,4,Polearm,Pyro,Medium Female,Fontaine,2024-01-09,726,"['4.3', '5.0', '5.3', '5.5', 'Luna III']","['January 9, 2024 – January 30, 2024', 'September 17, 2024 – October 8, 2024', 'January 21, 2025 – February 11, 2025', 'March 26, 2025 – April 15, 2025', 'December 23, 2025 – January 13, 2026']","Off-Field,Support,Survivability",386748,355512,298881,222016,155630,107142,94164,218232,HP%,11962,193,605,0.7896192401,0.0512227442,4.753286378,5,23.80327868852459,1,0,1838324,chevreuse,11962.0,193.0,605.0,0.427536231884058,0.3438735177865613,0.22875816993464052
16,yun_jin,4,Polearm,Geo,Medium Female,Liyue,2022-01-05,1460,"['2.4', '2.6', '2.8', '3.4', '3.7', '4.5', 'Luna II', '5.3']","['January 5, 2022 – January 25, 2022', 'March 30, 2022 – April 19, 2022', 'August 2, 2022 – August 23, 2022', 'January 18, 2023 – February 7, 2023', 'May 24, 2023 – June 13, 2023', 'March 13, 2024 – April 2, 2024', 'November 11, 2025 – December 2, 2025', 'January 21, 2025 – February 11, 2025']","Off-Field,Support",1089014,874188,647175,411748,251815,163752,103264,333659,Energy Recharge,10657,191,734,0.718936204,0.02665142214,3.557911101,8,47.8688524590164,1,0,3874615,yun_jin,10657.0,191.0,734.0,0.2263336416897934,0.3359683794466403,0.5098039215686274
17,dehya,5,Claymore,Pyro,Tall Female,Sumeru,2023-03-01,1040,"['3.5', 'Luna I']","['March 1, 2023 – March 21, 2023', 'September 10, 2025 – September 30, 2025']","Off-Field,DPS,Survivability",476153,24012,4161,792,595,234,2968,64,HP%,15675,265,628,0.06449381998,0.005831281841,1.068940026,2,34.09836065573771,1,0,508979,dehya,15675.0,265.0,628.0,1.0,0.6284584980237155,0.2788671023965142
18,freminet,4,Claymore,Cryo,Medium Male,Fontaine,2023-09-05,852,"['4.0', '4.6']","['September 5, 2023 – September 26, 2023', 'April 24, 2024 – May 14, 2024']","On-Field,DPS",273494,184626,154905,115300,82490,56862,42868,183961,ATK%,12071,255,708,0.7501210592,0.0391665281,4.001937885,2,27.9344262295082,1,0,1094506,freminet,12071.0,255.0,708.0,0.4443416589577552,0.5889328063241107,0.4531590413943355
19,qiqi,5,Sword,Cryo,Short Female,Liyue,2020-09-28,1924,['5.3'],"['January 21, 2025 – February 11, 2025']","Off-Field,Survivability",1284337,45006,4578,612,70,24,35,95,Healing Bonus,12368,287,922,0.0377746661,2.62e-05,1.039257609,1,63.08196721311475,1,0,1334757,qiqi,12368.0,287.0,922.0,0.49013259327782915,0.7154150197628458,0.9193899782135077
20,diona,4,Bow,Cryo,Short Female,Mondstadt,2020-11-11,1880,"['1.1', '1.3', '1.5', '2.0', '2.2', '2.5', '3.0', '3.5', '4.1', '5.3', '5.7', '4.5']","['November 11, 2020 – December 1, 2020', 'February 3, 2021 – February 17, 2021', 'April 28, 2021 – May 18, 2021', 'August 10, 2021 – August 31, 2021', 'November 2, 2021 – November 23, 2021', 'February 16, 2022 – March 8, 2022', 'August 24, 2022 – September 9, 2022', 'March 21, 2023 – April 11, 2023', 'September 27, 2023 – October 17, 2023', 'January 1, 2025 – January 21, 2025', 'June 18, 2025 – July 8, 2025', 'March 13, 2024 – April 2, 2024']","Off-Field,Survivability",1566756,1366338,1092498,771196,522705,350544,240212,866010,Cryo DMG Bonus,9570,212,601,0.7687874681,0.03544905825,4.325025084,12,61.63934426229508,1,0,6776259,diona,9570.0,212.0,601.0,0.05874190564292322,0.4189723320158103,0.22004357298474944
21,mika,4,Polearm,Cryo,Medium Male,Mondstadt,2023-03-21,1020,"['3.5', '3.8', '5.4', '4.5']","['March 21, 2023 – April 11, 2023', 'July 5, 2023 – July 25, 2023', 'March 4, 2025 – March 25, 2025', 'March 13, 2024 – April 2, 2024']","Off-Field,Support,Survivability",339066,227894,188919,139664,98060,66726,57561,180692,HP%,12506,223,713,0.7388951949,0.04432604179,3.829879728,4,33.44262295081968,1,0,1298582,mika,12506.0,223.0,713.0,0.51140918902251,0.4624505928853755,0.46405228758169936
22,xingqiu,4,Sword,Hydro,Medium Male,Liyue,2020-09-28,1924,"['1.0', '1.2', '1.3', '1.5', '2.1', '2.4', '3.0', '3.4', '4.1', '4.5', '5.1', '5.8', 'Luna II', '5.3']","['October 20, 2020 – November 10, 2020', 'January 12, 2021 – February 2, 2021', 'March 2, 2021 – March 16, 2021', 'May 18, 2021 – June 8, 2021', 'September 21, 2021 – October 12, 2021', 'January 25, 2022 – February 15, 2022', 'September 9, 2022 – September 27, 2022', 'February 7, 2023 – February 28, 2023', 'September 27, 2023 – October 17, 2023', 'April 2, 2024 – April 23, 2024', 'October 29, 2024 – November 19, 2024', 'July 30, 2025 – August 19, 2025', 'October 22, 2025 – November 11, 2025', 'January 21, 2025 – February 11, 2025']","Off-Field,DPS,Survivability",1434504,1259108,1022235,726100,496670,335730,222012,687603,ATK%,10222,202,758,0.7680282537,0.03590126715,4.31086982,14,63.08196721311475,1,0,6183960,xingqiu,10222.0,202.0,758.0,0.15926611162503854,0.3794466403162055,0.5620915032679739
23,kirara,4,Sword,Dendro,Medium Female,Inazuma,2023-05-24,956,"['3.7', '4.2', '4.8', '5.6']","['May 24, 2023 – June 13, 2023', 'November 28, 2023 – December 19, 2023', 'July 17, 2024 – August 6, 2024', 'May 27, 2025 – June 17, 2025']","Off-Field,Survivability",353432,190658,120087,67852,40940,22998,21273,55532,HP%,12180,223,546,0.5950465872,0.02437406333,2.46941986,4,31.34426229508197,1,0,872772,kirara,12180.0,223.0,546.0,0.4611470860314524,0.4624505928853755,0.10021786492374728
24,kuki_shinobu,4,Sword,Electro,Medium Female,Inazuma,2022-06-21,1293,"['2.7', '3.1', '3.6', '4.2', '5.1', 'Luna I', '5.6']","['June 21, 2022 – July 12, 2022', 'September 28, 2022 – October 14, 2022', 'April 12, 2023 – May 2, 2023', 'November 28, 2023 – December 19, 2023', 'October 29, 2024 – November 19, 2024', 'September 10, 2025 – September 30, 2025', 'May 27, 2025 – June 17, 2025']","Off-Field,Survivability",768976,518458,387210,253172,163665,103764,72765,196369,HP%,12289,212,751,0.6879635803,0.02952670835,3.204754115,7,42.39344262295082,1,0,2464379,kuki_shinobu,12289.0,212.0,751.0,0.4779525131051496,0.4189723320158103,0.5468409586056645
25,bennett,4,Sword,Pyro,Medium Male,Mondstadt,2020-09-28,1924,"['1.2', '1.3', '1.6', '2.3', '2.5', '2.8', '3.2', '3.5', '4.0', '4.3', '4.7', '5.0', '5.3', '5.8', 'Luna III', '4.5']","['December 23, 2020 – January 12, 2021', 'February 17, 2021 – March 2, 2021', 'June 29, 2021 – July 20, 2021', 'November 24, 2021 – December 14, 2021', 'March 8, 2022 – March 29, 2022', 'August 2, 2022 – August 23, 2022', 'November 2, 2022 – November 18, 2022', 'March 1, 2023 – March 21, 2023', 'August 16, 2023 – September 5, 2023', 'January 9, 2024 – January 30, 2024', 'June 5, 2024 – June 25, 2024', 'August 28, 2024 – September 17, 2024', 'January 1, 2025 – January 21, 2025', 'August 19, 2025 – September 9, 2025', 'December 3, 2025 – December 23, 2025', 'March 13, 2024 – April 2, 2024']","Off-Field,Support,Survivability",1775083,1581770,1213152,839452,562730,382812,261968,1042197,Energy Recharge,12397,191,771,0.7682406331,0.03420321069,4.314820208,16,63.08196721311475,1,0,7659164,bennett,12397.0,191.0,771.0,0.49460376194881284,0.3359683794466403,0.5904139433551199
26,kachina,4,Polearm,Geo,Short Female,Natlan,2024-08-28,494,"['5.0', '5.3']","['August 28, 2024 – September 17, 2024', 'January 1, 2025 – January 21, 2025']","Off-Field,DPS",197941,232762,228036,192512,147385,118746,83370,376900,Geo DMG Bonus,11799,217,792,0.8745344347,0.05284435351,7.970314387,2,16.19672131147541,1,0,1577652,kachina,11799.0,217.0,792.0,0.4024051803885291,0.43873517786561267,0.6361655773420479
27,candace,4,Polearm,Hydro,Tall Female,Sumeru,2022-09-28,1194,"['3.1', '3.6', '4.3', '5.1', '5.7', 'Luna I']","['September 28, 2022 – October 14, 2022', 'May 2, 2023 – May 23, 2023', 'December 20, 2023 – January 9, 2024', 'October 9, 2024 – October 29, 2024', 'June 18, 2025 – July 8, 2025', 'September 10, 2025 – September 30, 2025']","Off-Field,Support",615098,507684,405771,287012,191010,124746,91238,340604,HP%,10875,212,683,0.7600238455,0.03559586339,4.167080693,6,39.14754098360656,1,0,2563163,candace,10875.0,212.0,683.0,0.2599444958371878,0.4189723320158103,0.39869281045751637
28,xinyan,4,Claymore,Pyro,Medium Female,Liyue,2020-12-01,1860,"['1.1', '1.3', '1.5', '2.0', '2.5', '2.8', '3.4', '4.4', '5.0', '5.3']","['December 1, 2020 – December 22, 2020', 'February 3, 2021 – February 17, 2021', 'May 18, 2021 – June 8, 2021', 'August 10, 2021 – August 31, 2021', 'March 8, 2022 – March 29, 2022', 'August 2, 2022 – August 23, 2022', 'January 18, 2023 – February 7, 2023', 'February 20, 2024 – March 12, 2024', 'August 28, 2024 – September 17, 2024', 'January 21, 2025 – February 11, 2025']","Off-Field,Survivability",1203224,815842,576423,373568,235610,146256,93394,317088,ATK%,11201,249,799,0.6801130642,0.02482955832,3.126104532,10,60.98360655737705,1,0,3761404,xinyan,11201.0,249.0,799.0,0.3102065988282455,0.5652173913043478,0.6514161220043573
29,faruzan,4,Bow,Anemo,Medium Female,Sumeru,2022-12-07,1124,"['3.3', '3.8', '4.4', '4.6', '5.5', 'Luna III', 'Luna I']","['December 7, 2022 – December 27, 2022', 'July 25, 2023 – August 15, 2023', 'January 31, 2024 – February 20, 2024', 'May 14, 2024 – June 4, 2024', 'April 15, 2025 – May 6, 2025', 'December 3, 2025 – December 23, 2025', 'September 10, 2025 – September 30, 2025']","Off-Field,Support",569077,481932,399459,274316,187260,119316,137186,298001,ATK%,9570,196,628,0.7692819152,0.0556186442,4.334293953,7,36.85245901639344,1,0,2466547,faruzan,9570.0,196.0,628.0,0.05874190564292322,0.3557312252964427,0.2788671023965142
30,yanfei,4,Catalyst,Pyro,Medium Female,Liyue,2021-04-28,1712,"['1.5', '2.0', '2.2', '2.4', '2.7', '3.3', '3.8', '4.5', '4.8', '5.5', '5.3']","['April 28, 2021 – May 18, 2021', 'July 21, 2021 – August 10, 2021', 'October 13, 2021 – November 2, 2021', 'January 25, 2022 – February 15, 2022', 'May 31, 2022 – June 21, 2022', 'December 7, 2022 – December 27, 2022', 'July 25, 2023 – August 15, 2023', 'April 2, 2024 – April 23, 2024', 'August 6, 2024 – August 27, 2024', 'April 15, 2025 – May 6, 2025', 'January 21, 2025 – February 11, 2025']","On-Field,DPS",1623669,1442372,1122345,757000,488200,310104,203154,628082,Pyro DMG Bonus,9352,240,587,0.7530513651,0.03089829452,4.049425098,11,56.131147540983605,1,0,6574926,yanfei,9352.0,240.0,587.0,0.02513105149552883,0.5296442687747036,0.1895424836601307
31,dahlia,4,Sword,Hydro,Medium Male,Mondstadt,2025-06-18,200,['5.7'],"['June 18, 2025 – July 8, 2025']","Off-Field,Survivability",98494,101768,88782,66424,45725,28902,25025,85786,HP%,12506,189,560,0.8179092116,0.04626497025,5.491765996,1,6.557377049180328,1,0,540906,dahlia,12506.0,189.0,560.0,0.51140918902251,0.32806324110671936,0.13071895424836602
32,razor,4,Claymore,Electro,Medium Male,Mondstadt,2020-09-28,1924,"['1.1', '1.4', '1.6', '2.6', '3.2', '3.8', '4.8', '4.5']","['December 1, 2020 – December 22, 2020', 'March 17, 2021 – April 6, 2021', 'June 29, 2021 – July 20, 2021', 'April 19, 2022 – May 31, 2022', 'November 2, 2022 – November 18, 2022', 'July 5, 2023 – July 25, 2023', 'August 6, 2024 – August 27, 2024', 'March 13, 2024 – April 2, 2024']","On-Field,DPS",987253,663902,495264,326192,205200,131526,85463,349844,Physical DMG Bonus,11962,234,751,0.6957284066,0.02633971554,3.286537493,8,63.08196721311475,1,0,3244644,razor,11962.0,234.0,751.0,0.427536231884058,0.5059288537549407,0.5468409586056645
33,ifa,4,Catalyst,Anemo,Tall Male,Natlan,2025-05-07,242,"['5.6', '5.8']","['May 7, 2025 – May 27, 2025', 'August 19, 2025 – September 9, 2025']","On-Field,Support,Survivability",139306,113316,86562,56408,35135,21258,16373,37645,Elemental Mastery,10081,178,605,0.7246933319,0.03235751567,3.632313037,2,7.934426229508197,1,0,506003,ifa,10081.0,178.0,605.0,0.13752698119025594,0.2845849802371542,0.22875816993464052
34,charlotte,4,Catalyst,Cryo,Medium Female,Fontaine,2023-11-08,788,"['4.2', '5.4']","['November 8, 2023 – November 28, 2023', 'March 4, 2025 – March 25, 2025']","Off-Field,Survivability",223837,198684,191085,159212,129430,94542,89390,433601,ATK%,10766,173,546,0.8527175955,0.05881768492,6.78967731,2,25.83606557377049,1,0,1519781,charlotte,10766.0,173.0,546.0,0.2431390687634906,0.2648221343873518,0.10021786492374728
35,xiangling,4,Polearm,Pyro,Medium Female,Liyue,2020-09-28,1924,"['1.0', '1.2', '1.3', '2.1', '2.3', '2.6', '3.1', '3.7', '4.2', '4.6', '4.8', '5.4', '5.7', '5.3']","['September 28, 2020 – October 18, 2020', 'January 12, 2021 – February 2, 2021', 'March 2, 2021 – March 16, 2021', 'September 1, 2021 – September 21, 2021', 'December 14, 2021 – January 4, 2022', 'March 30, 2022 – April 19, 2022', 'October 14, 2022 – November 1, 2022', 'June 13, 2023 – July 4, 2023', 'November 28, 2023 – December 19, 2023', 'April 24, 2024 – May 14, 2024', 'August 6, 2024 – August 27, 2024', 'February 12, 2025 – March 4, 2025', 'July 8, 2025 – July 29, 2025', 'January 21, 2025 – February 11, 2025']","Off-Field,DPS",1493505,1245006,950169,648456,415070,271992,179340,681540,Elemental Mastery,10875,225,669,0.7462217153,0.03047368276,3.940447471,14,63.08196721311475,1,0,5885078,xiangling,10875.0,225.0,669.0,0.2599444958371878,0.47035573122529645,0.3681917211328976
36,sayu,4,Claymore,Anemo,Short Female,Inazuma,2021-08-10,1608,"['2.0', '2.2', '2.6', '3.1', '3.3', '4.0', '5.4', '5.6']","['August 10, 2021 – August 31, 2021', 'November 2, 2021 – November 23, 2021', 'April 19, 2022 – May 31, 2022', 'September 28, 2022 – October 14, 2022', 'December 27, 2022 – January 17, 2023', 'September 5, 2023 – September 26, 2023', 'February 12, 2025 – March 4, 2025', 'May 27, 2025 – June 17, 2025']","Off-Field,Survivability",1412797,1038398,764727,509672,324115,203844,135051,381084,Elemental Mastery,11854,244,745,0.7037967683,0.02831443063,3.376060397,8,52.72131147540984,1,0,4769688,sayu,11854.0,244.0,745.0,0.41088498304039467,0.5454545454545454,0.5337690631808278
37,diluc,5,Claymore,Pyro,Tall Male,Mondstadt,2020-09-28,1924,['4.5'],"['March 13, 2024 – April 2, 2024']","On-Field,DPS",1291442,44902,4575,656,70,36,28,85,CRIT Rate,12981,335,784,0.03752587953,2.09e-05,1.038988975,1,63.08196721311475,1,0,1341794,diluc,12981.0,335.0,784.0,0.5846438482886216,0.9051383399209486,0.6187363834422658
38,xilonen,5,Sword,Geo,Tall Female,Natlan,2024-10-09,452,"['5.1', '5.5', 'Luna III']","['October 9, 2024 – October 29, 2024', 'April 15, 2025 – May 6, 2025', 'December 23, 2025 – January 13, 2026']","Off-Field,Support,Survivability",203944,21998,44358,4248,2855,432,7728,149,DEF%,12405,275,930,0.2861902895,0.02704821639,1.40093359,3,14.81967213114754,0,0,285712,xilonen,12405.0,275.0,930.0,0.4958371877890842,0.6679841897233202,0.9368191721132898
39,thoma,4,Polearm,Pyro,Tall Male,Inazuma,2021-11-02,1524,"['2.2', '2.5', '2.8', '3.2', '3.8', '4.1', '4.7', '5.0', '5.6']","['November 2, 2021 – November 23, 2021', 'February 16, 2022 – March 8, 2022', 'July 13, 2022 – August 2, 2022', 'November 18, 2022 – December 6, 2022', 'July 5, 2023 – July 25, 2023', 'October 17, 2023 – November 7, 2023', 'June 5, 2024 – June 25, 2024', 'September 17, 2024 – October 8, 2024', 'May 27, 2025 – June 17, 2025']","Off-Field,Survivability",1481574,1232860,965352,667380,443180,277734,202657,547349,ATK%,10331,202,751,0.745350275,0.03483224552,3.926962811,9,49.967213114754095,1,0,5818086,thoma,10331.0,202.0,751.0,0.17607153869873574,0.3794466403162055,0.5468409586056645
40,yaoyao,4,Polearm,Dendro,Short Female,Liyue,2023-01-18,1082,"['3.4', '3.7', '4.4', '5.2', '5.7', 'Luna II', '5.3']","['January 18, 2023 – February 7, 2023', 'June 13, 2023 – July 4, 2023', 'February 20, 2024 – March 12, 2024', 'December 10, 2024 – December 31, 2024', 'July 8, 2025 – July 29, 2025', 'October 22, 2025 – November 11, 2025', 'January 21, 2025 – February 11, 2025']","Off-Field,Survivability",525384,428354,335007,237172,160190,111546,72933,221434,HP%,12289,212,751,0.7488624614,0.03486252741,3.981881824,7,35.47540983606557,1,0,2092017,yaoyao,12289.0,212.0,751.0,0.4779525131051496,0.4189723320158103,0.5468409586056645
41,beidou,4,Claymore,Electro,Tall Female,Liyue,2020-09-28,1924,"['1.1', '1.3', '1.5', '2.1', '2.4', '3.1', '3.4', '4.2', '4.6', '5.5', '5.3']","['November 11, 2020 – December 1, 2020', 'February 3, 2021 – February 17, 2021', 'May 18, 2021 – June 8, 2021', 'September 21, 2021 – October 12, 2021', 'January 25, 2022 – February 15, 2022', 'October 14, 2022 – November 1, 2022', 'February 7, 2023 – February 28, 2023', 'November 8, 2023 – November 28, 2023', 'May 14, 2024 – June 4, 2024', 'April 15, 2025 – May 6, 2025', 'January 21, 2025 – February 11, 2025']","Off-Field,DPS,Survivability",1279843,1065398,856212,609772,422445,294420,206339,848854,Electro DMG Bonus,13050,225,648,0.7707723216,0.03695657197,4.362474929,11,63.08196721311475,1,0,5583283,beidou,13050.0,225.0,648.0,0.5952821461609621,0.47035573122529645,0.3224400871459695
42,sethos,4,Bow,Electro,Medium Male,Sumeru,2024-06-05,578,"['4.7', '5.1', '5.8', 'Luna I']","['June 5, 2024 – June 25, 2024', 'October 29, 2024 – November 19, 2024', 'July 30, 2025 – August 19, 2025', 'September 10, 2025 – September 30, 2025']","On-Field,DPS",271078,238496,191361,130512,82860,51324,36330,107121,Elemental Mastery,9787,227,560,0.7555834465,0.03275682051,4.091375914,4,18.950819672131143,1,0,1109082,sethos,9787.0,227.0,560.0,0.09219858156028368,0.4782608695652174,0.13071895424836602
43,barbara,4,Catalyst,Hydro,Medium Female,Mondstadt,2020-09-28,1924,"['1.0', '1.3', '1.4', '1.6', '2.3', '2.7', '3.1', '3.5', '4.0', '4.5', '5.2', 'Luna I', '4.5']","['September 28, 2020 – October 18, 2020', 'February 17, 2021 – March 2, 2021', 'April 6, 2021 – April 27, 2021', 'June 9, 2021 – June 29, 2021', 'December 14, 2021 – January 4, 2022', 'May 31, 2022 – June 21, 2022', 'October 14, 2022 – November 1, 2022', 'March 1, 2023 – March 21, 2023', 'August 16, 2023 – September 5, 2023', 'April 2, 2024 – April 23, 2024', 'November 20, 2024 – December 10, 2024', 'September 10, 2025 – September 30, 2025', 'March 13, 2024 – April 2, 2024']","Off-Field,Survivability",1324022,999624,730260,479660,304270,194424,125699,453667,HP%,9787,159,669,0.7128947577,0.02725698051,3.483043333,13,63.08196721311475,1,0,4611626,barbara,9787.0,159.0,669.0,0.09219858156028368,0.20948616600790515,0.3681917211328976
44,aino,4,Claymore,Hydro,Short Female,Nod-Krai,2025-09-10,116,['Luna I'],"['September 30, 2025 – October 21, 2025']","Off-Field,DPS",56698,74140,68583,53700,36470,47760,21042,61354,Elemental Mastery,11201,242,607,0.8649233943,0.05013019748,7.403206462,1,3.80327868852459,1,0,419747,aino,11201.0,242.0,607.0,0.3102065988282455,0.5375494071146245,0.23311546840958605
45,kaveh,4,Claymore,Dendro,Tall Male,Sumeru,2023-05-02,978,"['3.6', '4.8', 'Luna I']","['May 2, 2023 – May 23, 2023', 'July 17, 2024 – August 6, 2024', 'September 10, 2025 – September 30, 2025']","On-Field,DPS",338612,224082,172983,114592,76455,45594,38717,78331,Elemental Mastery,11962,234,751,0.689165992,0.03554085587,3.217151194,3,32.0655737704918,1,0,1089366,kaveh,11962.0,234.0,751.0,0.427536231884058,0.5059288537549407,0.5468409586056645
46,fischl,4,Bow,Electro,Medium Female,Mondstadt,2020-09-28,1924,"['1.0', '1.2', '1.4', '1.6', '2.5', '3.0', '3.6', '4.1', '5.2', '5.8', '4.5']","['September 28, 2020 – October 18, 2020', 'December 23, 2020 – January 12, 2021', 'April 6, 2021 – April 27, 2021', 'June 9, 2021 – June 29, 2021', 'February 16, 2022 – March 8, 2022', 'August 24, 2022 – September 9, 2022', 'May 2, 2023 – May 23, 2023', 'September 27, 2023 – October 17, 2023', 'December 10, 2024 – December 31, 2024', 'July 30, 2025 – August 19, 2025', 'March 13, 2024 – April 2, 2024']","Off-Field,DPS",1132315,816318,615423,413460,264030,171000,112406,355213,ATK%,9189,244,594,0.708178647,0.02896938661,3.426754039,11,63.08196721311475,1,0,3880165,fischl,9189.0,244.0,594.0,0.0,0.5454545454545454,0.2047930283224401
47,sucrose,4,Catalyst,Anemo,Medium Female,Mondstadt,2020-09-28,1924,"['1.0', '1.2', '1.4', '1.6', '2.1', '2.6', '3.0', '3.5', '4.3', '5.2', 'Luna I', '4.5']","['October 20, 2020 – November 10, 2020', 'December 23, 2020 – January 12, 2021', 'March 17, 2021 – April 6, 2021', 'June 9, 2021 – June 29, 2021', 'September 1, 2021 – September 21, 2021', 'March 30, 2022 – April 19, 2022', 'September 9, 2022 – September 27, 2022', 'March 21, 2023 – April 11, 2023', 'December 20, 2023 – January 9, 2024', 'November 20, 2024 – December 10, 2024', 'September 30, 2025 – October 21, 2025', 'March 13, 2024 – April 2, 2024']","Off-Field,Support",1331374,1121386,877866,600600,391055,253746,170968,590894,Anemo DMG Bonus,9244,170,703,0.7505804261,0.03202914111,4.009308429,12,63.08196721311475,1,0,5337889,sucrose,9244.0,170.0,703.0,0.008479802651865556,0.25296442687747034,0.4422657952069717
48,ororon,4,Bow,Electro,Tall Male,Natlan,2024-11-20,410,"['5.2', '5.6', '5.8']","['November 20, 2024 – December 10, 2024', 'May 7, 2025 – May 27, 2025', 'August 19, 2025 – September 9, 2025']","Off-Field,DPS",241842,193966,148803,97196,62635,36420,31458,81445,ATK%,9244,244,587,0.7294120938,0.03519717152,3.695656668,3,13.442622950819672,1,0,893765,ororon,9244.0,244.0,587.0,0.008479802651865556,0.5454545454545454,0.1895424836601307
49,rosaria,4,Polearm,Cryo,Tall Female,Mondstadt,2021-04-06,1734,"['1.4', '1.6', '2.1', '2.3', '2.6', '3.3', '3.8', '4.3', '4.7', '5.3', 'Luna II', '4.5']","['April 6, 2021 – April 27, 2021', 'June 29, 2021 – July 20, 2021', 'September 21, 2021 – October 12, 2021', 'November 24, 2021 – December 14, 2021', 'April 19, 2022 – May 31, 2022', 'December 27, 2022 – January 17, 2023', 'July 25, 2023 – August 15, 2023', 'December 20, 2023 – January 9, 2024', 'June 25, 2024 – July 16, 2024', 'January 21, 2025 – February 11, 2025', 'November 11, 2025 – December 2, 2025', 'March 13, 2024 – April 2, 2024']","Off-Field,DPS",1664024,1394808,1018809,639528,387730,241290,158032,551100,ATK%,12289,240,710,0.7251964016,0.0260980384,3.638962539,12,56.85245901639344,1,0,6055321,rosaria,12289.0,240.0,710.0,0.4779525131051496,0.5296442687747036,0.45751633986928103
50,ningguang,4,Catalyst,Geo,Tall Female,Liyue,2020-09-28,1924,"['1.1', '1.3', '2.0', '2.2', '2.4', '2.8', '3.4', '4.4', '4.8', '5.3']","['November 11, 2020 – December 1, 2020', 'February 17, 2021 – March 2, 2021', 'July 21, 2021 – August 10, 2021', 'October 13, 2021 – November 2, 2021', 'January 5, 2022 – January 25, 2022', 'July 13, 2022 – August 2, 2022', 'February 7, 2023 – February 28, 2023', 'February 20, 2024 – March 12, 2024', 'July 17, 2024 – August 6, 2024', 'January 21, 2025 – February 11, 2025']","On-Field,DPS",1384818,1138412,865011,574200,360630,229674,148211,500440,Geo DMG Bonus,9787,212,573,0.7337603213,0.02849446572,3.756014148,10,63.08196721311475,1,0,5201396,ningguang,9787.0,212.0,573.0,0.09219858156028368,0.4189723320158103,0.15904139433551198
51,lan_yan,4,Catalyst,Anemo,Medium Female,Liyue,2025-01-21,348,"['5.3', 'Luna II']","['January 21, 2025 – February 11, 2025', 'November 11, 2025 – December 2, 2025']","Off-Field,DPS,Survivability",108805,101562,81090,55128,36045,26574,19089,59784,ATK%,9244,251,580,0.7770741092,0.03911063213,4.48579569,2,11.40983606557377,1,0,488077,lan_yan,9244.0,251.0,580.0,0.008479802651865556,0.5731225296442688,0.17429193899782136
52,dori,4,Claymore,Electro,Short Female,Sumeru,2022-09-09,1213,"['3.0', '3.6', '4.1', '4.5', '5.1', 'Luna I', 'Luna I']","['September 9, 2022 – September 27, 2022', 'April 12, 2023 – May 2, 2023', 'October 17, 2023 – November 7, 2023', 'March 13, 2024 – April 2, 2024', 'October 9, 2024 – October 29, 2024', 'September 30, 2025 – October 21, 2025', 'September 10, 2025 – September 30, 2025']","Off-Field,Survivability",610246,464728,380652,281676,200545,140946,99043,364682,HP%,12397,223,723,0.7599836068,0.0389546898,4.166382082,7,39.77049180327869,1,0,2542518,dori,12397.0,223.0,723.0,0.49460376194881284,0.4624505928853755,0.485838779956427
53,jahoda,4,Bow,Anemo,Medium Female,Nod-Krai,2025-12-03,32,['Luna III'],"['December 3, 2025 – December 23, 2025']","Off-Field,Support,Survivability",33078,34000,29943,21920,14905,9474,11445,29008,Healing Bonus,9646,223,580,0.8200062033,0.06227791895,5.555747022,1,1.0491803278688523,1,0,183773,jahoda,9646.0,223.0,580.0,0.07045945112550107,0.4624505928853755,0.17429193899782136
54,durin,5,Sword,Pyro,Medium Male,Mondstadt,2025-12-03,32,['Luna III'],"['December 3, 2025 – December 23, 2025']","Off-Field,DPS,Support",46215,7144,7191,924,420,288,3913,180,CRIT DMG,12430,347,822,0.3026782346,0.05904187099,1.434058206,1,1.0491803278688523,0,0,66275,durin,12430.0,347.0,822.0,0.4996916435399322,0.9525691699604744,0.7015250544662309
55,venti,5,Bow,Anemo,Medium Male,Mondstadt,2020-09-28,1924,"['1.0', '1.4', '2.6', '3.1', '4.1', '5.5', 'Luna III']","['September 28, 2020 – October 18, 2020', 'March 17, 2021 – April 6, 2021', 'March 30, 2022 – April 19, 2022', 'September 28, 2022 – October 14, 2022', 'October 17, 2023 – November 7, 2023', 'April 15, 2025 – May 6, 2025', 'December 3, 2025 – December 23, 2025']","Off-Field,DPS,Support",271363,12648,2598,1036,625,990,924,128,Energy Recharge,10531,263,669,0.06527115655,0.003182782661,1.069828974,7,63.08196721311475,0,1,290312,venti,10531.0,263.0,669.0,0.20690718470551958,0.6205533596837944,0.3681917211328976
56,zhongli,5,Polearm,Geo,Tall Male,Liyue,2020-12-01,1860,"['1.1', '1.5', '2.4', '3.0', '4.0', '5.2', 'Luna II']","['December 1, 2020 – December 22, 2020', 'April 28, 2021 – May 18, 2021', 'January 25, 2022 – February 15, 2022', 'August 24, 2022 – September 9, 2022', 'September 5, 2023 – September 26, 2023', 'December 10, 2024 – December 31, 2024', 'November 11, 2025 – December 2, 2025']","Off-Field,Support,Survivability",600185,60190,20556,5352,2275,2886,3969,222,Geo DMG Bonus,14695,251,738,0.1372127624,0.005705578356,1.159034298,7,60.98360655737705,0,1,695635,zhongli,14695.0,251.0,738.0,0.8489053345667592,0.5731225296442688,0.5185185185185185
57,arlecchino,5,Polearm,Pyro,Tall Female,Snezhnaya,2024-04-24,620,"['4.6', '5.3', 'Luna II']","['April 24, 2024 – May 14, 2024', 'January 21, 2025 – February 11, 2025', 'November 11, 2025 – December 2, 2025']","On-Field,DPS",244829,59938,31140,14008,5325,3972,27363,619,CRIT DMG,13103,342,765,0.3676839001,0.07067000005,1.581487487,3,20.327868852459016,0,0,387194,arlecchino,13103.0,342.0,765.0,0.6034535923527597,0.932806324110672,0.5773420479302832
58,furina,5,Sword,Hydro,Medium Female,Fontaine,2023-11-08,788,"['4.2', '4.7', '5.4', 'Luna II']","['November 8, 2023 – November 28, 2023', 'June 25, 2024 – July 16, 2024', 'March 4, 2025 – March 25, 2025', 'October 22, 2025 – November 11, 2025']","Off-Field,DPS,Support,Survivability",362058,100156,100917,24336,12615,7950,60053,1141,CRIT Rate,15307,244,696,0.4589891292,0.08973514139,1.848391694,4,25.83606557377049,0,1,669225,furina,15307.0,244.0,696.0,0.9432624113475178,0.5454545454545454,0.42701525054466233
59,nefer,5,Catalyst,Dendro,Tall Female,Nod-Krai,2025-10-22,74,['Luna II'],"['October 22, 2025 – November 11, 2025']","On-Field,DPS",54833,6838,4875,740,410,150,4340,157,CRIT DMG,12704,344,799,0.2420413862,0.05999198264,1.319333248,1,2.4262295081967213,0,0,72343,nefer,12704.0,344.0,799.0,0.541936478569226,0.9407114624505929,0.6514161220043573
60,flins,5,Polearm,Electro,Tall Male,Nod-Krai,2025-09-30,96,['Luna I'],"['September 30, 2025 – October 21, 2025']","On-Field,DPS",81677,27780,14205,3136,1260,498,5628,398,CRIT DMG,12491,352,809,0.3931060617,0.04181837096,1.647734368,1,3.1475409836065573,0,0,134582,flins,12491.0,352.0,809.0,0.5090965155720012,0.9723320158102767,0.673202614379085
61,yelan,5,Bow,Hydro,Tall Female,Liyue,2022-05-31,1314,"['2.7', '3.4', '4.0', '4.8', 'Luna I']","['May 31, 2022 – June 21, 2022', 'February 7, 2023 – February 28, 2023', 'August 16, 2023 – September 5, 2023', 'August 6, 2024 – August 27, 2024', 'September 30, 2025 – October 21, 2025']","Off-Field,DPS",456797,85390,28971,10864,9180,7710,29771,864,CRIT Rate,14450,244,548,0.2744036585,0.047289559,1.378176739,5,43.08196721311475,0,0,629547,yelan,14450.0,244.0,548.0,0.811131668208449,0.5454545454545454,0.10457516339869281
62,lauma,5,Catalyst,Dendro,Tall Female,Nod-Krai,2025-09-10,116,['Luna I'],"['September 10, 2025 – September 30, 2025']","Off-Field,Support",103994,17520,8478,584,165,60,2331,133,Elemental Mastery,10654,255,669,0.2196450681,0.01749146438,1.281468162,1,3.80327868852459,0,0,133265,lauma,10654.0,255.0,669.0,0.22587110699969165,0.5889328063241107,0.3681917211328976
63,nahida,5,Catalyst,Dendro,Short Female,Sumeru,2022-11-02,1159,"['3.2', '3.6', '4.4', '5.1', 'Luna I']","['November 2, 2022 – November 18, 2022', 'April 12, 2023 – May 2, 2023', 'January 31, 2024 – February 20, 2024', 'October 29, 2024 – November 19, 2024', 'September 10, 2025 – September 30, 2025']","Off-Field,DPS,Support",459233,73202,78912,9124,3190,2658,25179,587,Elemental Mastery,10360,299,630,0.2957467201,0.03861306425,1.419943689,5,38.0,0,1,652085,nahida,10360.0,299.0,630.0,0.1805427073697194,0.7628458498023716,0.28322440087145967
64,chasca,5,Bow,Anemo,Tall Female,Natlan,2024-11-20,410,"['5.2', '5.8']","['November 20, 2024 – December 10, 2024', 'August 19, 2025 – September 9, 2025']","On-Field,DPS",97910,17278,10155,2024,680,750,7959,177,CRIT Rate,9797,347,615,0.2849787852,0.05812331578,1.398559902,2,13.442622950819672,0,0,136933,chasca,9797.0,347.0,615.0,0.09374036386062289,0.9525691699604744,0.25054466230936817
65,mualani,5,Catalyst,Hydro,Medium Female,Natlan,2024-08-28,494,"['5.0', '5.8']","['August 28, 2024 – September 17, 2024', 'August 19, 2025 – September 9, 2025']","On-Field,DPS",124941,20578,8715,2336,870,618,5404,161,CRIT Rate,15185,182,570,0.2364093068,0.03302714166,1.309602132,2,16.19672131147541,0,0,163623,mualani,15185.0,182.0,570.0,0.9244526672833796,0.30039525691699603,0.15250544662309368
66,citlali,5,Catalyst,Cryo,Medium Female,Natlan,2025-01-01,368,"['5.3', '5.8']","['January 1, 2025 – January 21, 2025', 'July 30, 2025 – August 19, 2025']","Off-Field,Support,Survivability",175832,12006,20466,1672,455,564,9352,172,Elemental Mastery,11634,127,763,0.2026446701,0.04240904412,1.254146003,2,12.065573770491802,0,0,220519,citlali,11634.0,127.0,763.0,0.37696577243293244,0.08300395256916997,0.5729847494553377
67,ineffa,5,Polearm,Electro,Medium Female,Nod-Krai,2025-07-30,158,"['5.8', 'Luna IV']","['July 30, 2025 – August 19, 2025', 'January 14, 2026 – February 3, 2026']","Off-Field,DPS,Survivability",55904,4532,1680,108,65,12,819,17,CRIT Rate,12613,330,828,0.1145604004,0.0129717915,1.129382513,2,5.180327868852459,0,0,63137,ineffa,12613.0,330.0,828.0,0.5279062596361394,0.8853754940711462,0.7145969498910676
68,emilie,5,Polearm,Dendro,Medium Female,Fontaine,2024-08-06,516,"['4.8', '5.7']","['August 6, 2024 – August 27, 2024', 'July 8, 2025 – July 29, 2025']","Off-Field,DPS",53104,3670,2220,224,235,180,1603,48,CRIT DMG,13568,335,730,0.1334769271,0.02615690882,1.154037361,2,16.918032786885245,0,0,61284,emilie,13568.0,335.0,730.0,0.6751464693185322,0.9051383399209486,0.5010893246187363
69,mavuika,5,Claymore,Pyro,Tall Female,Natlan,2025-01-01,368,"['5.3', '5.7']","['January 1, 2025 – January 21, 2025', 'July 8, 2025 – July 29, 2025']","On-Field,Off-Field,DPS,Support",210200,27862,37653,6340,2360,1902,23016,551,CRIT DMG,12552,359,792,0.3216816615,0.07427295375,1.474234063,2,12.065573770491802,0,1,309884,mavuika,12552.0,359.0,792.0,0.5185013876040703,1.0,0.6361655773420479
70,shenhe,5,Polearm,Cryo,Tall Female,Liyue,2022-01-05,1460,"['2.4', '3.5', '5.7', '5.3']","['January 5, 2022 – January 25, 2022', 'March 21, 2023 – April 11, 2023', 'June 18, 2025 – July 8, 2025', 'January 21, 2025 – February 11, 2025']","Off-Field,Support",224953,31904,11283,2920,1365,1374,11837,396,ATK%,12993,304,830,0.2135390446,0.04138348157,1.27151894,4,47.8688524590164,0,0,286032,shenhe,12993.0,304.0,830.0,0.5864939870490287,0.782608695652174,0.7189542483660131
71,skirk,5,Sword,Cryo,Medium Female,Extra-Terresterial,2025-06-18,200,['5.7'],"['June 18, 2025 – July 8, 2025']","On-Field,DPS",148623,18516,16248,2600,1185,612,14112,176,CRIT DMG,12417,359,806,0.264504731,0.06983649392,1.359628052,1,6.557377049180328,0,0,202072,skirk,12417.0,359.0,806.0,0.4976873265494912,1.0,0.6666666666666666
72,kinich,5,Claymore,Dendro,Medium Male,Natlan,2024-09-17,474,"['5.0', '5.6']","['September 17, 2024 – October 8, 2024', 'May 27, 2025 – June 17, 2025']","On-Field,DPS",108186,17376,10140,2784,815,336,3913,72,CRIT DMG,12858,332,802,0.2467310022,0.02724512958,1.327547002,2,15.540983606557376,0,0,143622,kinich,12858.0,332.0,802.0,0.5656799259944496,0.8932806324110671,0.6579520697167756
73,raiden_shogun,5,Polearm,Electro,Tall Female,Inazuma,2021-09-01,1586,"['2.1', '2.5', '3.3', '4.3', '5.0', '5.6']","['September 1, 2021 – September 21, 2021', 'March 8, 2022 – March 29, 2022', 'December 27, 2022 – January 17, 2023', 'January 9, 2024 – January 30, 2024', 'September 17, 2024 – October 8, 2024', 'May 27, 2025 – June 17, 2025']","On-Field,DPS,Support",808395,175806,146994,56084,9175,4086,20391,909,Energy Recharge,12907,337,789,0.3383790022,0.01668876449,1.511439333,6,52.0,0,1,1221840,raiden_shogun,12907.0,337.0,789.0,0.5732346592661116,0.9130434782608695,0.6296296296296297
74,escoffier,5,Polearm,Cryo,Medium Female,Fontaine,2025-05-07,242,['5.6'],"['May 7, 2025 – May 27, 2025']","Off-Field,DPS,Support,Survivability",99204,15428,4152,428,230,48,1638,19,CRIT Rate,13348,347,732,0.1811270605,0.01352076403,1.221190678,1,7.934426229508197,0,0,121147,escoffier,13348.0,347.0,732.0,0.64122725871107,0.9525691699604744,0.5054466230936819
75,navia,5,Claymore,Geo,Tall Female,Fontaine,2023-12-20,746,"['4.3', '4.8', '5.6']","['December 20, 2023 – January 9, 2024', 'July 17, 2024 – August 6, 2024', 'May 7, 2025 – May 27, 2025']","On-Field,DPS",183614,12732,7590,2576,1215,1026,9037,106,CRIT DMG,12650,352,793,0.1573319382,0.04147391416,1.186706896,3,24.459016393442624,0,0,217896,navia,12650.0,352.0,793.0,0.5336108541473944,0.9723320158102767,0.6383442265795207
76,xianyun,5,Catalyst,Anemo,Tall Female,Liyue,2024-01-31,704,"['4.4', '5.5']","['January 31, 2024 – February 20, 2024', 'March 26, 2025 – April 15, 2025']","Off-Field,Support,Survivability",132752,22320,15006,1240,435,228,4956,114,ATK%,10409,335,573,0.2502047433,0.02799193453,1.333697421,2,23.081967213114755,0,0,177051,xianyun,10409.0,335.0,573.0,0.18809744064138142,0.9051383399209486,0.15904139433551198
77,wriothesley,5,Catalyst,Cryo,Tall Male,Fontaine,2023-10-17,810,"['4.1', '5.4']","['October 17, 2023 – November 7, 2023', 'March 4, 2025 – March 25, 2025']","On-Field,DPS",89362,34546,5619,3232,2690,1482,7567,141,CRIT DMG,13593,311,763,0.3821721666,0.05231645683,1.61857389,2,26.557377049180328,0,0,144639,wriothesley,13593.0,311.0,763.0,0.6790009250693803,0.8102766798418972,0.5729847494553377
78,sigewinne,5,Bow,Hydro,Short Female,Fontaine,2024-06-25,558,"['4.7', '5.4']","['June 25, 2024 – July 16, 2024', 'February 12, 2025 – March 4, 2025']","Off-Field,Support,Survivability",30630,2962,1560,340,310,204,2310,26,HP%,13348,193,500,0.2011371342,0.06024724845,1.251779301,2,18.295081967213115,0,0,38342,sigewinne,13348.0,193.0,500.0,0.64122725871107,0.3438735177865613,0.0
79,yumemizuki_mizuki,5,Catalyst,Anemo,Medium Female,Inazuma,2025-02-12,326,['5.4'],"['February 12, 2025 – March 4, 2025']","On-Field,DPS,Survivability",15318,866,252,68,35,48,259,8,Elemental Mastery,12736,215,757,0.09113563546,0.01536727186,1.100274187,1,10.688524590163937,1,0,16854,yumemizuki_mizuki,12736.0,215.0,757.0,0.5468701819303114,0.4308300395256917,0.5599128540305011
80,clorinde,5,Sword,Electro,Tall Female,Fontaine,2024-06-05,578,"['4.7', '5.3']","['June 5, 2024 – June 25, 2024', 'January 21, 2025 – February 11, 2025']","On-Field,DPS",122229,13862,9876,2100,1055,996,9702,153,CRIT Rate,12956,337,784,0.2359398148,0.06064773431,1.308797421,2,18.950819672131143,0,0,159973,clorinde,12956.0,337.0,784.0,0.5807893925377736,0.9130434782608695,0.6187363834422658
81,neuvillette,5,Catalyst,Hydro,Tall Male,Fontaine,2023-09-27,830,"['4.1', '4.5', '5.2', 'Luna IV']","['September 27, 2023 – October 17, 2023', 'April 2, 2024 – April 23, 2024', 'December 10, 2024 – December 31, 2024', 'February 3, 2026 – February 24, 2026']","On-Field,DPS",272094,88128,17565,11872,3860,2430,14994,326,CRIT DMG,14695,208,576,0.3384038184,0.03645789009,1.511496027,4,27.21311475409836,0,0,411269,neuvillette,14695.0,208.0,576.0,0.8489053345667592,0.4031620553359684,0.1655773420479303
82,lyney,5,Bow,Pyro,Medium Male,Fontaine,2023-08-16,872,"['4.0', '4.6', '5.2']","['August 16, 2023 – September 5, 2023', 'April 24, 2024 – May 14, 2024', 'November 20, 2024 – December 10, 2024']","On-Field,DPS",86684,9392,4017,1684,730,426,3059,86,CRIT Rate,11021,318,538,0.1828277305,0.02883727069,1.223732177,3,28.59016393442623,0,0,106078,lyney,11021.0,318.0,538.0,0.28245451742214,0.8379446640316206,0.08278867102396514
83,hu_tao,5,Polearm,Pyro,Medium Female,Liyue,2021-03-02,1769,"['1.3', '2.2', '3.4', '4.1', '5.1']","['March 2, 2021 – March 16, 2021', 'November 2, 2021 – November 23, 2021', 'February 7, 2023 – February 28, 2023', 'September 27, 2023 – October 17, 2023', 'October 29, 2024 – November 19, 2024']","On-Field,DPS",570552,179618,22935,9052,4005,2892,6769,369,CRIT DMG,15552,106,876,0.2833989791,0.008501718179,1.395476661,5,58.0,0,0,796192,hu_tao,15552.0,106.0,876.0,0.9810360777058279,0.0,0.8191721132897604
84,chiori,5,Sword,Geo,Medium Female,Inazuma,2024-03-13,662,"['4.5', '5.1', '5.6']","['March 13, 2024 – April 2, 2024', 'October 9, 2024 – October 29, 2024', 'May 27, 2025 – June 17, 2025']","Off-Field,DPS",49097,10868,2913,1156,1415,1332,10696,112,CRIT Rate,11438,323,953,0.3672170024,0.1378545928,1.58032059,3,21.704918032786885,0,0,77589,chiori,11438.0,323.0,953.0,0.3467468393462843,0.857707509881423,0.9869281045751634
85,kaedehara_kazuha,5,Sword,Anemo,Medium Male,Inazuma,2021-06-29,1650,"['1.6', '2.8', '3.7', '4.5', '5.0', '5.6']","['June 29, 2021 – July 20, 2021', 'July 13, 2022 – August 2, 2022', 'June 13, 2023 – July 4, 2023', 'April 2, 2024 – April 23, 2024', 'August 28, 2024 – September 17, 2024', 'May 27, 2025 – June 17, 2025']","Off-Field,Support",682421,109422,54075,7836,2805,3168,8547,416,Elemental Mastery,13348,297,807,0.2144251689,0.009838952906,1.272953206,6,54.09836065573771,0,0,868690,kaedehara_kazuha,13348.0,297.0,807.0,0.64122725871107,0.7549407114624506,0.6688453159041394
86,nilou,5,Sword,Hydro,Medium Female,Sumeru,2022-10-14,1178,"['3.1', '3.6', '4.8', 'Luna I']","['October 14, 2022 – November 1, 2022', 'April 12, 2023 – May 2, 2023', 'July 17, 2024 – August 6, 2024', 'September 10, 2025 – September 30, 2025']","Off-Field,DPS,Support",180585,14996,14988,1460,570,582,8414,159,HP%,15185,230,729,0.1856516681,0.03794294579,1.227975745,4,38.62295081967213,0,0,221754,nilou,15185.0,230.0,729.0,0.9244526672833796,0.4901185770750988,0.4989106753812636
87,alhaitham,5,Sword,Dendro,Tall Male,Sumeru,2023-01-18,1082,"['3.4', '3.7', '4.7', 'Luna I']","['January 18, 2023 – February 7, 2023', 'June 13, 2023 – July 4, 2023', 'June 5, 2024 – June 25, 2024', 'September 10, 2025 – September 30, 2025']","On-Field,DPS",187217,18258,8484,2604,1315,1092,8652,220,Dendro DMG Bonus,13348,313,782,0.1783033857,0.03797368352,1.216994183,4,35.47540983606557,0,0,227842,alhaitham,13348.0,313.0,782.0,0.64122725871107,0.8181818181818182,0.6143790849673203
88,baizhu,5,Catalyst,Dendro,Tall Male,Liyue,2023-05-02,978,"['3.6', '4.2', '4.6', '5.3']","['May 2, 2023 – May 23, 2023', 'November 8, 2023 – November 28, 2023', 'May 14, 2024 – June 4, 2024', 'January 21, 2025 – February 11, 2025']","Off-Field,Support,Survivability",99635,13006,7170,1100,630,390,2653,128,HP%,13348,193,500,0.2010792867,0.02127301302,1.251688664,4,32.0655737704918,0,0,124712,baizhu,13348.0,193.0,500.0,0.64122725871107,0.3438735177865613,0.0
89,wanderer,5,Catalyst,Anemo,Medium Male,Sumeru,2022-12-07,1124,"['3.3', '3.8', '4.6', 'Luna I']","['December 7, 2022 – December 27, 2022', 'July 25, 2023 – August 15, 2023', 'May 14, 2024 – June 4, 2024', 'September 10, 2025 – September 30, 2025']","On-Field,DPS",244335,45320,28257,9940,4790,4104,19425,604,CRIT Rate,10164,328,607,0.3151566113,0.05444607946,1.460187857,4,36.85245901639344,0,0,356775,wanderer,10164.0,328.0,607.0,0.15032377428307123,0.8774703557312253,0.23311546840958605
90,arataki_itto,5,Claymore,Geo,Tall Male,Inazuma,2021-12-14,1482,"['2.3', '2.7', '3.3', '4.5', '5.6']","['December 14, 2021 – January 4, 2022', 'June 21, 2022 – July 12, 2022', 'December 7, 2022 – December 27, 2022', 'March 13, 2024 – April 2, 2024', 'May 27, 2025 – June 17, 2025']","On-Field,DPS",287051,47900,18234,4996,1720,1596,10409,342,CRIT Rate,12858,227,959,0.2288716125,0.0279625411,1.296800917,5,48.59016393442623,0,0,372248,arataki_itto,12858.0,227.0,959.0,0.5656799259944496,0.4782608695652174,1.0
91,yae_miko,5,Catalyst,Electro,Tall Female,Inazuma,2022-02-16,1418,"['2.5', '3.2', '3.7', '4.4', '5.6']","['February 16, 2022 – March 8, 2022', 'November 18, 2022 – December 6, 2022', 'May 24, 2023 – June 13, 2023', 'February 20, 2024 – March 12, 2024', 'May 27, 2025 – June 17, 2025']","Off-Field,DPS",377007,47822,30198,8904,2855,3564,22694,556,CRIT Rate,10372,340,569,0.2362094814,0.04597649919,1.30925951,5,46.49180327868852,0,0,493600,yae_miko,10372.0,340.0,569.0,0.18239284613012643,0.924901185770751,0.1503267973856209
92,xiao,5,Polearm,Anemo,Medium Male,Liyue,2021-02-03,1796,"['1.3', '2.4', '2.7', '3.4', '4.4', '5.3']","['February 3, 2021 – February 17, 2021', 'January 5, 2022 – January 25, 2022', 'May 31, 2022 – June 21, 2022', 'January 18, 2023 – February 7, 2023', 'February 20, 2024 – March 12, 2024', 'January 21, 2025 – February 11, 2025']","On-Field,DPS",356123,39976,6585,2980,3610,3780,4984,273,CRIT Rate,12736,349,799,0.1486645104,0.0119145803,1.174625059,6,58.885245901639344,0,0,418311,xiao,12736.0,349.0,799.0,0.5468701819303114,0.9604743083003953,0.6514161220043573
93,yoimiya,5,Bow,Pyro,Medium Female,Inazuma,2021-08-10,1608,"['2.0', '2.8', '3.2', '3.7', '4.3', '5.6']","['August 10, 2021 – August 31, 2021', 'August 2, 2022 – August 23, 2022', 'November 2, 2022 – November 18, 2022', 'May 24, 2023 – June 13, 2023', 'January 9, 2024 – January 30, 2024', 'May 27, 2025 – June 17, 2025']","On-Field,DPS",311032,34676,12627,3780,1380,2298,7581,269,CRIT Rate,10164,323,615,0.1675690432,0.02028942065,1.201300831,6,52.72131147540984,0,0,373643,yoimiya,10164.0,323.0,615.0,0.15032377428307123,0.857707509881423,0.25054466230936817
94,kamisato_ayaka,5,Sword,Cryo,Medium Female,Inazuma,2021-07-21,1628,"['2.0', '2.6', '3.5', '4.3', '5.6']","['July 21, 2021 – August 10, 2021', 'April 19, 2022 – May 31, 2022', 'March 21, 2023 – April 11, 2023', 'December 20, 2023 – January 9, 2024', 'May 27, 2025 – June 17, 2025']","On-Field,DPS",573044,69352,23052,7980,6600,6030,14861,696,CRIT DMG,12858,342,784,0.183250073,0.0211811321,1.22436497,5,53.377049180327866,0,0,701615,kamisato_ayaka,12858.0,342.0,784.0,0.5656799259944496,0.932806324110672,0.6187363834422658
95,cyno,5,Polearm,Electro,Medium Male,Sumeru,2022-09-28,1194,"['3.1', '3.5', '4.2', 'Luna I']","['September 28, 2022 – October 14, 2022', 'March 1, 2023 – March 21, 2023', 'November 28, 2023 – December 19, 2023', 'September 10, 2025 – September 30, 2025']","On-Field,DPS",156812,19236,14370,2828,665,336,5264,175,CRIT DMG,12491,318,859,0.2147070901,0.02636138738,1.273410198,4,39.14754098360656,0,0,199686,cyno,12491.0,318.0,859.0,0.5090965155720012,0.8379446640316206,0.7821350762527233
96,kamisato_ayato,5,Sword,Hydro,Tall Male,Inazuma,2022-03-30,1376,"['2.6', '3.3', '4.2', '5.6']","['March 30, 2022 – April 19, 2022', 'December 27, 2022 – January 17, 2023', 'November 28, 2023 – December 19, 2023', 'May 27, 2025 – June 17, 2025']","On-Field,DPS",306424,25026,8832,4824,2270,1746,10388,350,CRIT DMG,13715,299,769,0.1484910799,0.02886678153,1.174385818,4,45.114754098360656,0,0,359860,kamisato_ayato,13715.0,299.0,769.0,0.6978106691335183,0.7628458498023716,0.5860566448801743
97,tartaglia,5,Bow,Hydro,Tall Male,Snezhnaya,2020-11-11,1880,"['1.1', '1.4', '2.2', '3.2', '4.0', '5.3']","['November 11, 2020 – December 1, 2020', 'April 6, 2021 – April 27, 2021', 'October 13, 2021 – November 2, 2021', 'November 18, 2022 – December 6, 2022', 'September 5, 2023 – September 26, 2023', 'January 21, 2025 – February 11, 2025']","On-Field,DPS",318448,42460,7461,3076,2360,2322,3206,176,Hydro DMG Bonus,13103,301,815,0.160894735,0.008447757497,1.191745591,6,61.63934426229508,0,0,379509,tartaglia,13103.0,301.0,815.0,0.6034535923527597,0.7707509881422925,0.6862745098039216
98,sangonomiya_kokomi,5,Catalyst,Hydro,Medium Female,Inazuma,2021-09-21,1566,"['2.1', '2.5', '3.0', '3.8', '5.6']","['September 21, 2021 – October 12, 2021', 'March 8, 2022 – March 29, 2022', 'September 9, 2022 – September 27, 2022', 'July 25, 2023 – August 15, 2023', 'May 27, 2025 – June 17, 2025']","Off-Field,Support,Survivability",373685,35460,5154,1348,1035,726,2772,156,Hydro DMG Bonus,13471,234,657,0.1109850215,0.006594724221,1.12484044,5,51.34426229508197,0,0,420336,sangonomiya_kokomi,13471.0,234.0,657.0,0.6601911810052421,0.5059288537549407,0.3420479302832244
99,eula,5,Claymore,Cryo,Tall Female,Mondstadt,2021-05-18,1692,"['1.5', '2.3', '3.8', '4.5']","['May 18, 2021 – June 8, 2021', 'November 24, 2021 – December 14, 2021', 'July 5, 2023 – July 25, 2023', 'March 13, 2024 – April 2, 2024']","On-Field,DPS",272131,31816,12042,6060,2755,3528,11592,416,CRIT DMG,13226,342,751,0.2004142916,0.03406005759,1.250647666,4,55.47540983606557,0,0,340340,eula,13226.0,342.0,751.0,0.6224175146469318,0.932806324110672,0.5468409586056645
100,klee,5,Catalyst,Pyro,Short Female,Mondstadt,2020-10-20,1902,"['1.0', '1.6', '2.8', '3.8', '4.5']","['October 20, 2020 – November 10, 2020', 'June 9, 2021 – June 29, 2021', 'July 13, 2022 – August 2, 2022', 'July 5, 2023 – July 25, 2023', 'March 13, 2024 – April 2, 2024']","On-Field,DPS",161298,13510,3399,988,625,408,882,28,Pyro DMG Bonus,10287,311,615,0.1095297508,0.004869215736,1.123002145,5,62.36065573770492,0,0,181138,klee,10287.0,311.0,615.0,0.1692876965772433,0.8102766798418972,0.25054466230936817
101,ganyu,5,Bow,Cryo,Medium Female,Liyue,2021-01-12,1818,"['1.2', '2.4', '3.0', '3.6', '5.3']","['January 12, 2021 – February 2, 2021', 'January 25, 2022 – February 15, 2022', 'September 9, 2022 – September 27, 2022', 'May 2, 2023 – May 23, 2023', 'January 21, 2025 – February 11, 2025']","On-Field,DPS",334228,42158,6369,2684,4105,3582,7609,243,CRIT DMG,9797,335,630,0.1664679858,0.01897610343,1.199713968,5,59.60655737704918,0,0,400978,ganyu,9797.0,335.0,630.0,0.09374036386062289,0.9051383399209486,0.28322440087145967
102,albedo,5,Sword,Geo,Medium Male,Mondstadt,2020-12-23,1838,"['1.2', '2.3', '3.1', '4.5']","['December 23, 2020 – January 12, 2021', 'November 24, 2021 – December 14, 2021', 'October 14, 2022 – November 1, 2022', 'March 13, 2024 – April 2, 2024']","Off-Field,DPS",214591,13924,5547,1528,645,564,1078,99,Geo DMG Bonus,13226,251,876,0.09826621172,0.004529868558,1.108974747,4,60.26229508196721,0,0,237976,albedo,13226.0,251.0,876.0,0.6224175146469318,0.5731225296442688,0.8191721132897604
